method_id,ATT,SE
dynamic_auto_lasso,-0.03168974071741104,0.022793222218751907
