method_id,ATT,SE
dynamic_auto_rf,-0.02432934008538723,0.02225113846361637
