method_id,ATT,SE
dynamic_ols,-0.024541230872273445,0.018962152302265167
