method_id,ATT,SE
dynamic_auto_nn,-0.035357337445020676,0.02314804680645466
