method_id,ATT,SE
static_ols,-0.02454200918471454,0.019002468725281624
