method_id,ATT,SE
dynamic_auto_rf,-0.04471495375037193,0.024650825187563896
