method_id,ATT,SE
dynamic_auto_nn,-0.050661321729421616,0.02563207596540451
