method_id,ATT,SE
dynamic_auto_lasso,-0.046239010989665985,0.024664495140314102
