method_id,ATT,SE
static_ols,-0.04545891846188105,0.019760203584136007
