method_id,ATT,SE
dynamic_ols,-0.04545919597148895,0.019722502678632736
