method_id,ATT,SE
static_ols,-0.057107693837186196,0.019556635855666055
