method_id,ATT,SE
dynamic_auto_rf,-0.04886285960674286,0.01995047740638256
