method_id,ATT,SE
dynamic_auto_lasso,-0.055198200047016144,0.020312253385782242
