method_id,ATT,SE
dynamic_ols,-0.05710815265774727,0.019505074247717857
