method_id,ATT,SE
dynamic_auto_nn,-0.05635158345103264,0.020784201100468636
