method_id,ATT,SE
dynamic_ols,-0.0763549730181694,0.022860564291477203
