method_id,ATT,SE
dynamic_auto_lasso,-0.07030049711465836,0.02390449307858944
