method_id,ATT,SE
dynamic_auto_rf,-0.05994711443781853,0.0230875201523304
