method_id,ATT,SE
dynamic_auto_nn,-0.06173545494675636,0.024600299075245857
