method_id,ATT,SE
static_ols,-0.07635406562760563,0.022960524178194757
