outcome,quarter,estimator,group,point_estimate,se,ci_lower,ci_upper
employ,6,Auto-NN,auto,0.07278452635593961,0.016516903929589502,0.04041139465394419,0.10515765805793503
employ,6,Auto-Lasso,auto,0.030221309960883545,0.005846740885304287,0.018761697825687144,0.041680922096079945
employ,6,Auto-RF,auto,0.06082487622074654,0.008723086293349834,0.04372762708578087,0.07792212535571222
