outcome,quarter,estimator,group,point_estimate,se,ci_lower,ci_upper
earn,6,Auto-RF,auto,244.81949973465214,40.170090129374145,166.08612308107882,323.55287638822546
