outcome,quarter,estimator,group,point_estimate,se,ci_lower,ci_upper
earn,6,Manual-NN,manual,186.71513646036024,47.64301261682001,93.33483173139304,280.09544118932746
