outcome,quarter,estimator,group,point_estimate,se,ci_lower,ci_upper
earn,6,Manual-Lasso,manual,207.24044655254323,44.057683375966704,120.88738713564848,293.59350596943796
