outcome,quarter,estimator,group,point_estimate,se,ci_lower,ci_upper
employ,6,Manual-NN,manual,-0.1310330552957787,0.7042332857746118,-1.5113302954140178,1.2492641848224602
