outcome,estimator,group,point_estimate,se,ci_lower,ci_upper
earn,Auto-NN,auto,212.26255377704044,68.99483352125776,77.03268007537523,347.4924274787056
