outcome,estimator,group,point_estimate,se,ci_lower,ci_upper
employ,Manual-NN,manual,-0.3151161177295364,0.7075277098916881,-1.7018704291172453,1.0716381936581723
