outcome,estimator,group,point_estimate,se,ci_lower,ci_upper
earn,Manual-RF,manual,260.5783274211539,14.562437806238547,232.03594932092636,289.12070552138147
