outcome,estimator,group,point_estimate,se,ci_lower,ci_upper
earn,Manual-NN,manual,183.2622675770559,48.478171863182546,88.24505072521809,278.2794844288937
