outcome,estimator,group,point_estimate,se,ci_lower,ci_upper
employ,Manual-RF,manual,0.06133026180121923,0.006451798395607977,0.048684736945827596,0.07397578665661086
